-- Données de test pour CNSS Coopération Technique

-- 1. Utilisateur Admin
INSERT INTO COPT.APP_USER (ID, USERNAME, PASSWORD, IDENTITE, PROFIL, BUR_COD)
VALUES (1, 'admin', 'admin123', 'Administrateur CNSS', 'ADMIN', 100);

-- 2. Dossiers de Coopération
INSERT INTO COPT.DOSSIER_COP (EMP_MAT, EMP_CLE, DCO_DTDEB, ASS_MAT, NUM_AFF, PAYS_ASS, PAYS_PREST, DCO_DTFIN, DCO_REGIME, DCO_SALAIRE, FLG_SALR, FLG_DEMVAL, FLG_AFF)
VALUES (500380, 54, DATE '2025-04-01', 123456789, 'AF-2024-001', 'France', 'France', NULL, '500', 2500.00, 1, 0, 1);

INSERT INTO COPT.DOSSIER_COP (EMP_MAT, EMP_CLE, DCO_DTDEB, ASS_MAT, NUM_AFF, PAYS_ASS, PAYS_PREST, DCO_DTFIN, DCO_REGIME, DCO_SALAIRE, FLG_SALR, FLG_DEMVAL, FLG_AFF)
VALUES (510245, 2, DATE '2025-02-15', 987654321, 'AF-2024-002', 'Allemagne', 'Allemagne', NULL, '510', 2800.00, 1, 0, 1);

INSERT INTO COPT.DOSSIER_COP (EMP_MAT, EMP_CLE, DCO_DTDEB, ASS_MAT, NUM_AFF, PAYS_ASS, PAYS_PREST, DCO_DTFIN, DCO_REGIME, DCO_SALAIRE, FLG_SALR, FLG_DEMVAL, FLG_AFF)
VALUES (500380, 54, DATE '2024-12-01', 555666777, 'AF-2024-003', 'France', 'France', DATE '2025-03-31', '500', 2600.00, 1, 1, 1);

-- 3. Salaires Étrangers
INSERT INTO COPT.SALAIRE_ETRANGER (EMP_MAT, EMP_CLE, DCO_DTDEB, SLE_DATE, SLE_SALAIRE, SLE_AGENT)
VALUES (500380, 54, DATE '2025-04-01', DATE '2025-04-01', 10350.000, 1);

INSERT INTO COPT.SALAIRE_ETRANGER (EMP_MAT, EMP_CLE, DCO_DTDEB, SLE_DATE, SLE_SALAIRE, SLE_AGENT)
VALUES (510245, 2, DATE '2025-02-15', DATE '2025-02-15', 11730.000, 1);

-- 4. Engagements
INSERT INTO COPT.ENGAGEMNT (ENG_NUM, EMP_MAT, EMP_CLE, DCO_DTDEB, SALAIRE, ENG_SITUATION, FLG_VALID)
VALUES (1, 500380, 54, DATE '2025-04-01', 12053.857, 1, 0);

INSERT INTO COPT.ENGAGEMNT (ENG_NUM, EMP_MAT, EMP_CLE, DCO_DTDEB, SALAIRE, ENG_SITUATION, FLG_VALID)
VALUES (2, 510245, 2, DATE '2025-02-15', 13200.500, 1, 0);

-- 5. Échéances (Débits)
INSERT INTO COPT.ENG_COP (ENG_NUM, EMP_MAT, EMP_CLE, DCO_DTDEB, ENO_NUMENG, ENO_DTECH, ENO_SITUATIONENG, ENO_MONTECHEANCE, ENO_SALAIRE, ENO_DTDEBPERIODE, ENO_DTFINPERIODE)
VALUES (1, 500380, 54, DATE '2025-04-01', 1, DATE '2025-05-01', 1, 2712.118, 12053.857, DATE '2025-04-01', DATE '2025-04-30');

INSERT INTO COPT.ENG_COP (ENG_NUM, EMP_MAT, EMP_CLE, DCO_DTDEB, ENO_NUMENG, ENO_DTECH, ENO_SITUATIONENG, ENO_MONTECHEANCE, ENO_SALAIRE, ENO_DTDEBPERIODE, ENO_DTFINPERIODE)
VALUES (1, 500380, 54, DATE '2025-04-01', 2, DATE '2025-06-01', 1, 2712.118, 12053.857, DATE '2025-05-01', DATE '2025-05-31');

INSERT INTO COPT.ENG_COP (ENG_NUM, EMP_MAT, EMP_CLE, DCO_DTDEB, ENO_NUMENG, ENO_DTECH, ENO_SITUATIONENG, ENO_MONTECHEANCE, ENO_SALAIRE, ENO_DTDEBPERIODE, ENO_DTFINPERIODE)
VALUES (1, 500380, 54, DATE '2025-04-01', 3, DATE '2025-07-01', 1, 2712.118, 12053.857, DATE '2025-06-01', DATE '2025-06-30');

INSERT INTO COPT.ENG_COP (ENG_NUM, EMP_MAT, EMP_CLE, DCO_DTDEB, ENO_NUMENG, ENO_DTECH, ENO_SITUATIONENG, ENO_MONTECHEANCE, ENO_SALAIRE, ENO_DTDEBPERIODE, ENO_DTFINPERIODE)
VALUES (2, 510245, 2, DATE '2025-02-15', 1, DATE '2025-03-15', 2, 2812.067, 13200.500, DATE '2025-02-15', DATE '2025-03-14');

COMMIT;
